epoch;loss;jap;all
1;531.1817016601562;0.222013;0.222013
2;117.13655090332031;16.474993;-16.444826
3;82.57625579833984;7.115364;-7.19798
4;80.5685043334961;7.4863224;-7.4852357
5;80.72162628173828;5.488924;-5.5217524
6;80.42252349853516;6.7865934;-6.795107
7;79.8837661743164;5.0538917;-5.0768905
8;79.75424194335938;7.3770533;-7.3812933
9;79.1046371459961;6.653067;-6.656405
10;79.09381103515625;6.0203958;-6.031382
11;78.69596862792969;5.681492;-5.675189
12;78.9352035522461;3.4391856;-3.4468296
13;77.64549255371094;5.702185;-5.70068
14;78.11442565917969;6.514227;-6.5153494
15;77.76445007324219;7.6520576;-7.657764
16;77.64620971679688;8.363896;-8.369279
17;78.1581039428711;7.7440557;-7.748063
18;79.33837127685547;6.3572507;-6.3590803
19;77.95169830322266;6.1523876;-6.152877
20;78.0560073852539;5.639911;-5.6297092
21;77.91453552246094;5.7908535;-5.7968946
22;77.14527893066406;9.26189;-9.282039
23;77.77669525146484;8.70163;-8.711523
24;77.80655670166016;5.6708164;-5.6862516
25;77.32119750976562;10.122054;-10.13537
26;78.21511840820312;4.7798347;-4.787025
27;76.95789337158203;8.383585;-8.39748
28;77.09722137451172;7.5107956;-7.512776
29;77.16978454589844;8.405763;-8.433696
30;77.60304260253906;5.947514;-5.956753
31;77.0647964477539;7.531431;-7.549737
32;76.94744873046875;8.286974;-8.312563
33;77.27796173095703;9.27817;-9.308232
34;77.08348846435547;8.496609;-8.518108
35;77.14335632324219;7.497311;-7.519864
36;76.47591400146484;6.2675056;-6.2723866
37;76.80054473876953;7.886485;-7.8984013
38;75.45169067382812;10.187281;-10.216706
39;76.51085662841797;8.206804;-8.208515
40;77.07976531982422;8.642433;-8.655152
41;75.70793914794922;8.012496;-8.015181
42;75.50038146972656;8.18561;-8.181546
43;76.5425033569336;8.223872;-8.224363
44;75.70110321044922;10.310664;-10.318586
45;74.92390441894531;8.17574;-8.182454
46;75.88741302490234;7.0555587;-7.0547514
47;76.62476348876953;6.942002;-6.9327083
48;76.30547332763672;7.7196217;-7.7192106
49;75.16791534423828;9.207453;-9.219643
50;75.19960021972656;7.4764304;-7.477757
51;75.35186767578125;9.060404;-9.0666
52;75.53302764892578;9.2851515;-9.303203
53;76.70736694335938;6.1343846;-6.1255727
54;75.82679748535156;13.56392;-13.560091
55;74.98760986328125;12.5965;-12.593892
56;75.27333068847656;12.910759;-12.930538
57;75.4921875;13.339703;-13.355784
58;75.98987579345703;7.8056517;-7.798034
59;73.90206146240234;14.2961645;-14.284939
60;76.44744110107422;6.097659;-6.0900464
61;75.6686782836914;12.8342705;-12.828043
62;76.17527770996094;11.164102;-11.161645
63;76.22051239013672;8.807005;-8.787729
64;75.0453872680664;11.107233;-11.0861
65;75.69414520263672;6.908149;-6.898099
66;75.08905792236328;15.879447;-15.856947
67;75.37948608398438;9.108954;-9.088416
68;75.50716400146484;11.007618;-10.986571
69;78.2469711303711;14.875804;-14.863018
70;74.81987762451172;12.947654;-12.942267
71;75.46881103515625;16.664469;-16.652615
72;75.81098175048828;6.969145;-6.947889
73;74.68269348144531;13.252361;-13.23911
74;74.24285888671875;14.092599;-14.103953
75;73.74882507324219;15.871367;-15.889965
76;77.77959442138672;4.554178;-4.5543666
77;74.21504211425781;12.652415;-12.639564
78;74.01154327392578;7.8668694;-7.842572
79;75.32414245605469;7.012776;-6.9861684
80;75.44103240966797;7.5508657;-7.5397944
81;76.00432586669922;9.09445;-9.081701
82;76.07766723632812;8.824461;-8.812179
83;75.53123474121094;10.031071;-10.020481
84;74.47777557373047;12.719897;-12.716402
85;75.0868148803711;8.191041;-8.179089
86;74.81808471679688;5.8463645;-5.828878
87;74.0613784790039;10.12007;-10.111752
88;74.4121322631836;12.542455;-12.5239315
89;75.36911010742188;14.94828;-14.954549
90;73.986572265625;13.363893;-13.3783655
91;76.11121368408203;5.526423;-5.5135827
92;77.1361083984375;6.425115;-6.4118347
93;76.5614013671875;8.362451;-8.3464
94;74.72975158691406;11.252927;-11.246391
95;74.60983276367188;12.649046;-12.640772
96;76.79547882080078;12.986228;-12.979327
97;74.57569122314453;12.030355;-12.017943
98;74.03516387939453;13.348412;-13.328073
99;74.02735900878906;13.742609;-13.727606
100;74.42452239990234;15.37574;-15.364496
101;73.87544250488281;13.483939;-13.4730425
102;73.79773712158203;18.317408;-18.305246
103;75.56564331054688;13.213054;-13.068929
104;74.2369384765625;9.224729;-9.46175
105;74.91215515136719;11.4084;-11.385836
106;74.05136108398438;8.605025;-8.602458
107;74.04888916015625;14.532865;-14.54294
108;74.05413055419922;15.357607;-15.3221445
109;74.47420501708984;15.831659;-15.804158
110;73.94314575195312;14.755528;-14.738449
111;73.90261840820312;15.793403;-15.762119
112;74.9300765991211;15.483424;-15.478162
113;76.6286392211914;7.521116;-7.504759
114;76.23379516601562;5.856959;-5.8760242
115;75.91449737548828;9.875751;-9.82315
116;75.72327423095703;9.978139;-9.940951
117;75.822509765625;9.28989;-9.265745
118;75.2417984008789;9.783866;-9.775478
119;74.90158081054688;12.945654;-12.891298
120;75.3694076538086;14.575007;-14.55755
121;76.27722930908203;9.74831;-9.73068
122;76.20796203613281;9.878868;-9.855744
123;75.98728942871094;10.619469;-10.60097
124;75.48045349121094;8.9501505;-8.946286
125;74.89472961425781;12.39614;-12.381473
126;74.53337860107422;13.243155;-13.182749
127;74.66452026367188;14.1417885;-14.119955
128;74.8416519165039;9.249148;-9.246512
129;74.29710388183594;13.046209;-13.009594
130;74.1019515991211;15.305203;-15.262456
131;74.33443450927734;12.614924;-12.657549
132;74.26376342773438;16.444658;-16.40959
133;74.27629089355469;16.494907;-16.499191
134;75.82679748535156;8.40366;-8.558516
135;75.49324035644531;14.482638;-14.521064
136;74.20362854003906;14.407217;-14.42113
137;74.94723510742188;8.8265;-8.882154
138;74.75078582763672;16.584652;-16.55927
139;74.2234878540039;16.969328;-16.918642
140;74.88532257080078;8.420688;-8.45112
141;74.67124938964844;14.980818;-14.940718
142;76.20237731933594;13.930269;-13.883121
143;74.8226318359375;8.300284;-8.345863
144;73.46939086914062;14.92642;-14.932811
145;73.8909912109375;11.609434;-11.649048
146;74.63577270507812;15.189644;-15.178769
147;76.2432861328125;7.655368;-7.6558523
148;75.67708587646484;8.460295;-8.44885
149;75.35289001464844;9.292804;-9.348892
150;74.71940612792969;13.73371;-13.80559
151;75.32780456542969;6.7221546;-6.7506437
152;74.2706298828125;10.313019;-10.354317
153;74.4837417602539;11.250748;-11.278626
154;74.67810821533203;7.1025157;-7.111254
155;74.1263427734375;12.854214;-12.863686
156;76.2303466796875;14.744738;-14.776603
157;74.03114318847656;10.581636;-10.528993
158;73.89449310302734;14.934975;-14.774462
159;73.84186553955078;15.818435;-15.736089
160;73.76500701904297;13.522247;-13.56314
161;74.42262268066406;6.6483774;-6.6292324
162;73.67520904541016;11.907059;-11.839092
163;73.65861511230469;15.139442;-15.129625
164;73.8319091796875;15.014231;-15.083484
165;76.96552276611328;6.8472624;-6.894796
166;75.43206024169922;13.213687;-13.173352
167;74.08436584472656;15.338416;-15.31641
168;74.69439697265625;15.7605915;-15.749044
169;74.20974731445312;12.182101;-12.1765785
170;74.14842224121094;8.014256;-8.035663
171;75.9743881225586;13.8805895;-13.87994
172;76.71593475341797;6.6984987;-6.7085896
173;76.11570739746094;8.465776;-8.465824
174;75.26683044433594;14.74778;-14.69882
175;75.036865234375;13.281073;-13.265805
176;74.81124114990234;9.971508;-9.97197
177;74.02017974853516;16.780489;-16.771456
178;74.15484619140625;14.692835;-14.691672
179;74.93973541259766;5.989822;-5.99487
180;74.10343170166016;6.974668;-6.9795346
181;73.70832824707031;14.462241;-14.456923
182;74.28800964355469;15.313143;-15.308208
183;74.22698211669922;13.805026;-13.797872
184;73.75843048095703;14.354547;-14.255094
185;75.08084106445312;16.260096;-16.164171
186;74.53993225097656;15.170133;-15.192773
187;74.57108306884766;12.840741;-12.833926
188;74.55217742919922;8.715594;-8.665247
189;75.03797149658203;16.004202;-16.02221
190;75.18633270263672;7.239417;-7.1769714
191;73.80530548095703;15.893611;-15.8812275
192;77.94194030761719;15.207501;-15.246101
193;74.21627044677734;13.913055;-13.928434
194;73.90811157226562;14.672698;-14.665399
195;74.4620132446289;15.278934;-15.243375
196;73.55929565429688;15.712232;-15.680197
197;73.96285247802734;17.226633;-17.186491
198;74.28885650634766;15.192353;-15.169609
199;73.79804229736328;16.308502;-16.262743
200;77.30622100830078;16.067835;-16.028305
201;76.67912292480469;7.148166;-7.1470966
202;76.38684844970703;8.250771;-8.250216
203;76.47916412353516;7.956158;-7.954608
204;76.33504486083984;8.9898615;-8.989947
205;76.31635284423828;9.348206;-9.346327
206;76.05838012695312;10.511598;-10.511461
207;77.32991027832031;10.984575;-10.97924
208;76.19146728515625;8.61873;-8.610704
209;75.5093002319336;11.220044;-11.208559
210;75.54344177246094;11.948054;-11.933472
211;75.15562438964844;13.229857;-13.223786
212;75.37670135498047;10.151404;-10.156914
213;75.14043426513672;12.36711;-12.360123
214;74.47628021240234;12.538906;-12.526251
215;75.4712142944336;12.793637;-12.778375
216;75.25116729736328;12.465516;-12.453007
217;75.35713958740234;7.794147;-7.7788672
218;74.51647186279297;8.353862;-8.370247
219;74.9117431640625;6.736436;-6.7268
220;74.3131103515625;12.997007;-13.00429
221;76.1669692993164;6.3488607;-6.3281016
222;74.86299133300781;16.27535;-16.231987
223;74.63068389892578;12.604501;-12.577057
224;73.87955474853516;16.369476;-16.340883
225;74.09666442871094;13.198249;-13.13138
226;74.07981872558594;13.247407;-13.204209
227;74.22496032714844;14.674686;-14.57214
228;74.55689239501953;15.583642;-15.449319
229;74.08961486816406;15.808758;-15.777559
230;73.92314910888672;12.951195;-12.932587
231;74.18689727783203;15.16944;-15.1099
232;73.98178100585938;14.233034;-14.192857
233;73.79600524902344;13.796176;-13.742045
234;74.41526794433594;5.147595;-5.1452074
235;74.19454193115234;15.555078;-15.494752
236;74.00691223144531;16.194996;-16.126165
237;73.81360626220703;15.526964;-15.443146
238;74.79389953613281;6.5719547;-6.5740023
239;74.64280700683594;13.451726;-13.427996
240;74.4676742553711;13.697435;-13.678918
241;74.3739242553711;15.868519;-15.825692
242;78.63121032714844;7.7670755;-7.775722
243;73.86661529541016;13.813411;-13.762737
244;73.85066223144531;14.359333;-14.301315
245;73.83129119873047;15.214737;-15.173097
246;73.98050689697266;14.992285;-14.965565
247;76.73869323730469;15.197308;-15.177364
248;76.60847473144531;6.1894197;-6.197776
249;75.61874389648438;8.754667;-8.751926
250;74.2978744506836;11.828251;-11.882956
251;74.7001953125;14.69682;-14.778969
252;74.12745666503906;15.765885;-15.79183
253;73.81004333496094;14.80205;-14.818352
254;76.01426696777344;14.747429;-14.723037
255;74.69090270996094;8.034468;-8.034804
256;73.80646514892578;14.959364;-14.988941
257;80.58429718017578;14.877688;-14.922361
258;77.49192810058594;6.0007534;-6.009448
259;77.51715850830078;7.4557014;-7.4547772
260;76.83391571044922;8.698376;-8.676688
261;75.35344696044922;8.186056;-8.176006
262;75.00912475585938;10.182891;-10.168316
263;76.02769470214844;13.941852;-13.96152
264;75.8027114868164;8.567441;-8.565749
265;73.95246124267578;14.178928;-14.291092
266;73.86772918701172;14.148235;-14.162122
267;75.536376953125;5.8248644;-5.8511167
268;73.77574920654297;13.588182;-13.555094
269;75.03215026855469;5.6920924;-5.68003
270;74.36737060546875;13.24467;-13.291148
271;74.13546752929688;15.11723;-15.134879
272;73.85575103759766;14.781105;-14.74265
273;74.13784790039062;15.468587;-15.496613
274;73.86479949951172;16.103754;-16.121704
275;74.2287368774414;15.503937;-15.494545
276;74.09028625488281;15.510161;-15.4811735
277;75.69832611083984;15.985182;-15.952896
278;77.52970886230469;5.844511;-5.844481
279;76.22233581542969;8.304202;-8.294929
280;75.47610473632812;11.891146;-11.892255
281;75.60464477539062;7.6243854;-7.5762734
282;75.36490631103516;13.238475;-13.218537
283;75.56568908691406;9.332523;-9.288622
284;76.819580078125;7.205414;-7.167289
285;75.95213317871094;9.425653;-9.370684
286;75.2769546508789;10.210081;-10.172828
287;77.06642150878906;10.212984;-10.201399
288;75.6797866821289;7.6009593;-7.5684505
289;74.38129425048828;13.605795;-13.572533
290;73.76045227050781;16.112026;-16.08656
291;73.76213073730469;14.605234;-14.64304
292;73.7515640258789;15.019658;-15.028284
293;73.80013275146484;16.91371;-16.821383
294;77.23482513427734;15.220028;-15.190754
295;75.1617431640625;11.090371;-11.0610075
296;74.35426330566406;12.235416;-12.186795
297;73.99205780029297;15.431169;-15.362832
298;74.21411895751953;15.184504;-15.128662
299;74.24301147460938;11.133782;-11.124853
300;74.07656860351562;15.292753;-15.261324
301;74.43254089355469;15.351186;-15.30244
302;74.69268035888672;15.851681;-15.818018
303;75.1501693725586;16.053564;-16.010736
304;77.0068588256836;6.056873;-6.0772524
305;76.1341552734375;8.305926;-8.32492
306;74.70015716552734;11.797079;-11.764889
307;75.69581604003906;6.5388994;-6.5597844
308;74.32624816894531;12.633325;-12.627143
309;74.19229125976562;14.4196205;-14.416026
310;74.08026123046875;14.023593;-14.039698
311;74.02249145507812;14.352999;-14.354012
312;73.8781509399414;12.984712;-13.017839
313;74.14433288574219;14.736548;-14.738833
314;73.84002685546875;14.910763;-14.938974
315;73.79122924804688;15.101692;-15.088596
316;73.68881225585938;11.559509;-11.629998
317;73.68363189697266;15.093508;-15.067566
318;73.84215545654297;15.293151;-15.269895
319;74.06324005126953;12.028013;-12.070493
320;74.06993865966797;16.283218;-16.21725
321;74.8852310180664;15.976224;-15.949214
322;74.03996276855469;15.154865;-15.224849
323;74.16419219970703;5.8505664;-5.8781443
324;74.42748260498047;11.715044;-11.709845
325;73.60135650634766;15.702838;-15.711755
326;74.05323791503906;14.898834;-14.912639
327;73.7608413696289;15.810445;-15.807883
328;80.67390441894531;15.867964;-15.837152
329;75.45489501953125;8.860711;-8.863742
330;74.61930847167969;13.189074;-13.213663
331;74.62852478027344;15.157424;-15.142686
332;73.86930847167969;15.780655;-15.756763
333;74.93390655517578;16.521198;-16.489828
334;74.245849609375;9.902022;-9.885111
335;73.87530517578125;6.115055;-6.122664
336;75.33660888671875;13.793797;-13.809758
337;74.0107650756836;15.382253;-15.387268
338;74.32141876220703;6.6012673;-6.62151
339;73.74718475341797;15.676012;-15.669642
340;74.005126953125;14.481957;-14.490731
341;73.95397186279297;8.588087;-8.599016
342;74.8940658569336;12.089757;-12.112646
343;76.23371124267578;6.1903157;-6.2086554
344;74.63153839111328;15.019379;-15.005871
345;74.353759765625;14.987598;-14.976462
346;73.94892883300781;13.196686;-13.182001
347;74.22090911865234;13.945167;-13.945832
348;74.50978088378906;5.677787;-5.708616
349;73.65787506103516;13.70457;-13.693726
350;73.9249496459961;13.199018;-13.186006
351;73.5822982788086;14.988586;-14.935844
352;77.10588836669922;16.428446;-16.381994
353;75.41956329345703;14.1052475;-14.1307
354;74.65753173828125;14.819075;-14.786259
355;78.50419616699219;14.925598;-14.892859
356;75.14949798583984;13.597714;-13.570004
357;73.8373031616211;16.228064;-16.238426
358;73.81952667236328;15.155012;-15.149763
359;73.73255920410156;15.027163;-15.008689
360;75.11248779296875;14.338347;-14.325296
361;77.07127380371094;7.0378714;-7.0151296
362;75.03443145751953;12.717305;-12.669831
363;73.8564682006836;13.457826;-13.424462
364;73.7389144897461;15.030295;-14.953807
365;73.60354614257812;14.870308;-14.791414
366;73.6339111328125;14.411864;-14.351058
367;73.81351470947266;16.145151;-16.087942
368;73.52877044677734;14.339029;-14.340236
369;73.70404815673828;14.705312;-14.679301
370;73.54661560058594;14.481941;-14.429597
371;73.49932098388672;14.580856;-14.518632
372;76.66046142578125;16.316023;-16.303848
373;75.6292953491211;9.005816;-9.061028
374;74.47650146484375;11.387461;-11.464008
375;75.71797943115234;4.990476;-5.024068
376;73.9944839477539;15.302106;-15.42821
377;73.96066284179688;15.222251;-15.294167
378;73.70526885986328;14.532421;-14.5995
379;73.8856430053711;14.830406;-14.870598
380;73.82070922851562;15.471086;-15.483147
381;85.96414184570312;15.278483;-15.273784
382;73.90499114990234;12.241817;-12.290295
383;73.7420883178711;15.63108;-15.645383
384;73.78551483154297;13.994929;-13.998379
385;73.67682647705078;14.866622;-14.880307
386;73.69129180908203;15.894201;-15.905998
387;73.84867858886719;15.181354;-15.167366
388;73.60214233398438;15.736502;-15.731876
389;73.59832763671875;15.250299;-15.239602
390;73.6629409790039;15.011188;-15.053017
391;73.63848876953125;14.975126;-14.966716
392;73.660888671875;13.51552;-13.535837
393;73.52129364013672;15.465112;-15.4470005
394;73.74031829833984;14.271746;-14.264846
395;73.60137939453125;14.112406;-14.134863
396;73.66582489013672;15.168973;-15.1766405
397;75.51885223388672;14.971953;-14.959107
398;73.62020874023438;14.92451;-14.917016
399;73.55511474609375;14.242506;-14.226147
400;73.6851806640625;14.495121;-14.493754
401;73.6415786743164;14.423187;-14.424292
402;73.60954284667969;14.525415;-14.528488
403;73.51649475097656;15.472424;-15.469191
404;73.65069580078125;15.174401;-15.159102
405;73.68036651611328;17.053358;-17.0533
406;73.73656463623047;13.366299;-13.352379
407;74.51382446289062;15.9543705;-15.992574
408;73.82415771484375;15.417612;-15.462623
409;74.8617172241211;7.44114;-7.453764
410;73.78467559814453;13.134061;-13.157158
411;73.7428207397461;16.60364;-16.676004
412;73.71818542480469;12.549898;-12.532029
413;73.58926391601562;14.551526;-14.588367
414;73.7555923461914;11.049871;-11.001713
415;73.6373291015625;13.715442;-13.687052
416;73.6792984008789;14.047657;-13.996732
417;73.70298767089844;14.697743;-14.706234
418;74.41260528564453;14.926905;-14.964842
419;74.48919677734375;10.566442;-10.569438
420;74.23443603515625;14.5351925;-14.532915
421;73.73851013183594;15.383905;-15.380395
422;74.63216400146484;15.45449;-15.458865
423;73.69769287109375;15.898361;-15.908346
424;73.59207916259766;14.444278;-14.444913
425;73.55558013916016;14.639885;-14.644344
426;77.48143005371094;4.965041;-4.9543858
427;74.18302917480469;15.143166;-15.143165
428;73.86377716064453;15.844772;-15.85522
429;74.11942291259766;15.588124;-15.60008
430;73.91165161132812;15.773752;-15.781455
431;75.56407928466797;7.1441755;-7.1450357
432;74.07780456542969;15.217518;-15.241769
433;73.81939697265625;15.405997;-15.420554
434;74.09003448486328;7.7226386;-7.6910357
435;73.69474029541016;15.6914215;-15.697416
436;73.86974334716797;14.695673;-14.703669
437;73.84221649169922;14.668467;-14.699786
438;74.23231506347656;14.056598;-14.077185
439;73.90734100341797;14.701634;-14.738716
440;73.96943664550781;15.543245;-15.578566
441;73.84500885009766;15.1232605;-15.160576
442;74.02775573730469;15.046756;-15.049891
443;73.71438598632812;14.429525;-14.418466
444;73.6191177368164;15.814368;-15.821966
445;73.73814392089844;15.306006;-15.319549
446;73.6803970336914;14.192601;-14.146746
447;73.58486938476562;15.102009;-15.138829
448;74.38894653320312;14.753536;-14.782975
449;73.51075744628906;16.041216;-16.134169
450;73.54570770263672;14.919492;-15.018455
451;73.44097137451172;15.075305;-15.151158
452;74.12181091308594;14.754419;-14.814584
453;73.76174926757812;6.148509;-6.069973
454;73.4768295288086;16.535208;-16.558483
455;73.55216217041016;15.859178;-15.878486
456;73.51432800292969;16.372374;-16.341475
457;73.270263671875;15.278692;-15.232301
458;73.30261993408203;13.515395;-13.457744
459;73.49247741699219;10.64978;-10.631813
460;73.8873291015625;15.671904;-15.70272
461;73.52064514160156;15.618593;-15.619555
462;75.74745178222656;11.652249;-11.646681
463;74.2288818359375;14.887962;-14.873606
464;73.61786651611328;15.961054;-15.944984
465;74.12140655517578;12.020195;-11.997083
466;73.7643051147461;12.989737;-12.94996
467;73.44204711914062;14.119507;-14.101696
468;73.40711212158203;13.896204;-13.884071
469;74.10041809082031;13.3545265;-13.379379
470;73.89159393310547;13.998184;-13.964299
471;73.51812744140625;14.456032;-14.489697
472;74.9290771484375;14.168351;-14.182295
473;73.72564697265625;13.190562;-13.185
474;73.63658142089844;15.434732;-15.418245
475;73.2928466796875;15.021107;-15.023331
476;73.65596771240234;14.198042;-14.243378
477;74.661376953125;5.1886663;-5.2040896
478;73.84226989746094;14.726738;-14.626567
479;73.7270278930664;15.423548;-15.333331
480;76.46559143066406;15.88584;-15.828325
481;74.42733764648438;14.900442;-14.875184
482;74.1845474243164;14.911008;-14.936454
483;74.88031768798828;16.544924;-16.576385
484;74.27574920654297;11.824696;-11.834282
485;74.60523986816406;5.2304974;-5.208616
486;74.19673919677734;16.180758;-16.198416
487;73.99700927734375;16.054802;-16.037766
488;74.40660095214844;8.193197;-8.167982
489;73.63959503173828;15.911293;-15.9229965
490;73.78771209716797;15.123974;-15.118509
491;73.6539306640625;15.270197;-15.278016
492;73.8699951171875;15.619137;-15.6142645
493;73.56510925292969;14.845823;-14.798448
494;73.7435531616211;16.133966;-16.135647
495;74.03223419189453;15.850999;-15.839919
496;73.57257080078125;14.986843;-14.978964
497;73.64718627929688;14.955289;-14.896974
498;75.80928802490234;-0.3424902;0.30678082
499;73.67121124267578;12.566436;-12.544934
500;74.58808898925781;15.424205;-15.404351
501;73.54928588867188;14.408606;-14.421797
502;73.66400909423828;14.05047;-14.020065
503;73.68064880371094;15.540318;-15.529999
504;73.82662200927734;6.6237283;-6.554924
505;74.42386627197266;15.978502;-15.985027
506;73.6042709350586;14.252045;-14.230019
507;73.61439514160156;14.78786;-14.759235
508;73.62812042236328;14.210352;-14.187235
509;73.5903091430664;15.068927;-15.063163
510;73.77780151367188;15.0745325;-15.068027
511;73.5685043334961;15.2555895;-15.223536
512;74.1059341430664;16.164465;-16.165821
513;73.50820922851562;15.276087;-15.2709255
514;73.63984680175781;15.625606;-15.622609
515;73.80555725097656;15.40963;-15.388014
516;75.1466293334961;6.024872;-6.004202
517;73.6115951538086;14.75832;-14.76006
518;74.7359390258789;15.106774;-15.141988
519;75.81324768066406;15.519962;-15.529876
520;76.54756927490234;6.2456417;-6.2306476
521;74.87264251708984;10.9770565;-10.917173
522;74.55602264404297;7.8106947;-7.812228
523;74.38440704345703;14.403958;-14.412005
524;74.14234924316406;12.671843;-12.785764
525;73.92987060546875;14.189915;-14.233275
526;74.83948516845703;14.085943;-14.098596
527;74.24488830566406;15.17123;-15.215836
528;74.0224838256836;17.080833;-17.12914
529;74.06295776367188;14.561914;-14.581036
530;73.75350952148438;8.776879;-8.781506
531;73.89167785644531;14.065599;-14.082662
532;76.45167541503906;5.4683948;-5.475828
533;73.82124328613281;11.679934;-11.711606
534;73.60568237304688;15.918361;-15.964059
535;73.7232894897461;15.033998;-15.062078
536;73.6855239868164;14.923142;-14.960291
537;73.62409973144531;15.103788;-15.153486
538;74.23023986816406;15.772496;-15.820964
539;74.3082504272461;10.963051;-10.986606
540;73.85363006591797;6.887536;-6.8970356
541;73.17465209960938;16.548445;-16.589985
542;73.99668884277344;9.122896;-9.173812
543;74.27725982666016;11.807276;-11.790171
544;75.11347198486328;13.031484;-13.022263
545;73.31670379638672;16.021006;-16.065573
546;75.20303344726562;7.1694694;-7.123653
547;74.0163345336914;15.071423;-15.062393
548;73.88025665283203;14.439764;-14.434803
549;73.64045715332031;15.65982;-15.649885
550;73.68034362792969;15.695259;-15.684712
551;73.78374481201172;14.549636;-14.52317
552;73.74237823486328;15.156425;-15.154189
553;73.69330596923828;12.609799;-12.579712
554;73.73558807373047;14.239001;-14.215393
555;73.80708312988281;14.878254;-14.84931
556;73.76931762695312;15.232589;-15.21636
557;74.71095275878906;4.815522;-4.8093753
558;75.56243896484375;5.87475;-5.8626275
559;73.89905548095703;12.737534;-12.69677
560;73.81698608398438;11.32938;-11.299527
561;73.55479431152344;13.151563;-13.099266
562;73.6236572265625;14.799465;-14.766213
563;73.41999053955078;15.303492;-15.249341
564;73.51922607421875;15.563895;-15.516161
565;76.13682556152344;16.051199;-15.993694
566;73.59626770019531;14.414893;-14.341452
567;74.21617126464844;15.189455;-15.113024
568;74.61593627929688;14.557108;-14.527648
569;74.69803619384766;9.562416;-9.549927
570;74.55426025390625;10.400023;-10.392782
571;74.17489624023438;15.241064;-15.229982
572;74.04759216308594;15.734133;-15.725173
573;73.6106185913086;16.004644;-15.981866
574;73.82379913330078;14.339726;-14.328323
575;74.20970153808594;15.240627;-15.235547
576;74.0093765258789;16.005146;-15.995649
577;75.00210571289062;7.4098735;-7.4153557
578;74.30876922607422;15.236479;-15.225022
579;73.70194244384766;15.733796;-15.717767
580;74.89590454101562;14.022761;-14.02895
581;74.0841064453125;12.251614;-12.22841
582;73.61165618896484;15.164003;-15.182958
583;74.14275360107422;15.950771;-15.95627
584;73.98741912841797;15.852388;-15.84822
585;73.65819549560547;15.198252;-15.212614
586;75.81755065917969;15.043424;-15.048658
587;73.96417999267578;15.123989;-15.088773
588;73.73958587646484;9.693647;-9.668069
589;73.87350463867188;17.1817;-17.15676
590;73.7809066772461;15.483537;-15.499052
591;73.87701416015625;14.094406;-14.141028
592;75.14002227783203;9.516975;-9.530051
593;73.63031768798828;14.635069;-14.644908
594;74.38842010498047;14.443197;-14.481304
595;73.91085815429688;14.76944;-14.813921
596;74.6557846069336;15.288956;-15.316055
597;73.71185302734375;15.801754;-15.820136
598;73.60279846191406;14.955563;-14.989902
599;73.82008361816406;15.208343;-15.2304735
600;74.20824432373047;13.432623;-13.559101
601;73.72891235351562;17.532703;-17.63151
602;73.58061981201172;15.982208;-16.041048
603;73.70103454589844;15.422261;-15.48096
604;73.75991821289062;14.739584;-14.76749
605;73.56771850585938;15.802685;-15.843443
606;73.67922973632812;16.149284;-16.170618
607;73.73077392578125;11.889003;-11.853551
608;73.51112365722656;15.025603;-15.083035
609;73.68778991699219;14.84601;-14.85919
610;73.50186157226562;15.070936;-15.030116
611;73.69715118408203;15.837219;-15.797551
612;73.59906768798828;15.455892;-15.516157
613;73.65508270263672;16.864315;-16.821268
614;73.60163879394531;15.207036;-15.188025
615;73.52739715576172;15.499134;-15.483761
616;73.52987670898438;15.626597;-15.612308
617;73.7068862915039;15.65218;-15.649461
618;73.57916259765625;15.398099;-15.38122
619;73.58753204345703;15.748685;-15.749091
620;73.60594940185547;15.685884;-15.648513
621;73.4369888305664;15.521759;-15.511944
622;73.91828155517578;15.353485;-15.340045
623;73.60418701171875;14.989128;-14.9897995
624;73.54523468017578;15.564959;-15.528796
625;73.55371856689453;15.856585;-15.861851
626;73.51319885253906;15.524788;-15.541049
627;73.41272735595703;16.304214;-16.283007
628;73.48249053955078;15.432473;-15.4365635
629;73.51851654052734;15.607211;-15.611097
630;74.88915252685547;16.203222;-16.195784
631;73.48267364501953;14.7529335;-14.762841
632;73.44977569580078;14.443101;-14.469611
633;73.45700073242188;15.087658;-15.096739
634;73.5175552368164;15.688392;-15.6929455
635;73.39140319824219;15.382758;-15.386291
636;73.41398620605469;15.61738;-15.614602
637;73.39839172363281;15.353961;-15.357547
638;73.49226379394531;15.60412;-15.6094475
639;73.51531982421875;15.117571;-15.128782
640;73.70661163330078;15.045975;-15.056975
641;73.59295654296875;15.365623;-15.367247
642;73.41643524169922;15.315594;-15.320896
643;73.70869445800781;11.19063;-11.181023
644;73.6692123413086;14.549892;-14.582014
645;74.52931213378906;15.206491;-15.223059
646;73.53384399414062;17.09556;-17.079823
647;73.86314392089844;13.818002;-13.827976
648;73.716796875;13.698636;-13.722907
649;73.70814514160156;16.77499;-16.765556
650;73.50385284423828;15.700803;-15.711051
651;73.53385925292969;14.789231;-14.828912
652;73.48905181884766;14.026669;-14.060186
653;73.58019256591797;15.800465;-15.839919
654;73.50387573242188;14.205525;-14.220743
655;73.6657943725586;16.82384;-16.82365
656;73.4643783569336;16.164309;-16.169605
657;73.8018798828125;10.239346;-10.148172
658;73.5848388671875;14.789295;-14.796737
659;73.57240295410156;13.406392;-13.390778
660;73.61882019042969;14.9170685;-14.90108
661;73.58250427246094;15.394467;-15.378307
662;73.62167358398438;15.499139;-15.496452
663;74.70655822753906;15.747535;-15.734447
664;73.44111633300781;15.015789;-15.00967
665;73.71288299560547;11.401848;-11.362829
666;73.46842193603516;15.535019;-15.524741
667;73.42169189453125;15.745783;-15.711902
668;73.3902587890625;16.639477;-16.619318
669;74.3343734741211;16.187048;-16.160744
670;73.56248474121094;15.525546;-15.490562
671;73.48146057128906;14.737547;-14.736549
672;73.41356658935547;15.061002;-15.053348
673;73.64081573486328;14.788116;-14.788694
674;73.55866241455078;15.702572;-15.693171
675;73.68374633789062;13.901415;-13.941336
676;73.70356750488281;14.542231;-14.537084
677;73.50784301757812;15.044397;-15.047669
678;73.65372467041016;13.684562;-13.678554
679;73.58002471923828;14.31643;-14.316074
680;73.5169906616211;15.359285;-15.353631
681;73.57976531982422;14.95527;-14.960484
682;73.48200225830078;15.858979;-15.851989
683;73.0859375;15.137021;-15.150074
684;74.28710174560547;4.0973573;-4.0979824
685;73.6169204711914;15.034737;-15.050177
686;73.48773956298828;15.796815;-15.795367
687;73.6239013671875;16.107061;-16.118616
688;73.35646057128906;15.1122465;-15.107887
689;73.62201690673828;13.838184;-13.854964
690;73.5095443725586;14.754053;-14.75031
691;73.46705627441406;14.405936;-14.405624
692;73.54142761230469;14.238457;-14.260985
693;73.62813568115234;13.680493;-13.713222
694;73.48345947265625;14.33263;-14.3249035
695;73.47029113769531;14.317131;-14.323829
696;73.55554962158203;14.162124;-14.181989
697;73.39596557617188;15.157918;-15.16309
698;73.40509033203125;15.060648;-15.041044
699;73.30314636230469;15.3053;-15.291126
700;73.57308959960938;14.441214;-14.42549
701;73.59190368652344;15.372884;-15.363555
702;74.31339263916016;15.77168;-15.7704525
703;75.94706726074219;6.6533794;-6.6327324
704;74.1611099243164;12.003787;-11.947239
705;73.73820495605469;14.534116;-14.520748
706;74.2597427368164;7.5195184;-7.539974
707;73.74258422851562;14.177128;-14.180147
708;73.4583740234375;17.228184;-17.200045
709;74.0931625366211;14.8379755;-14.824267
710;73.78324890136719;14.367367;-14.345078
711;73.5725326538086;15.303007;-15.287753
712;73.48680877685547;15.665584;-15.662185
713;73.63688659667969;15.182223;-15.156417
714;73.75476837158203;15.354074;-15.346228
715;73.69005584716797;15.819955;-15.875309
716;73.49900817871094;14.530315;-14.518244
717;73.94031524658203;15.901373;-15.885303
718;74.04936218261719;7.945363;-7.9090815
719;73.5013427734375;15.233252;-15.217717
720;73.91130828857422;15.452181;-15.456065
721;73.33026123046875;15.909104;-15.918254
722;79.11454772949219;15.952392;-15.94872
723;73.85780334472656;15.875483;-15.869415
724;73.64999389648438;15.78747;-15.780577
725;73.44933319091797;15.655957;-15.668472
726;73.56674194335938;15.600605;-15.5960045
727;75.03862762451172;14.396699;-14.445417
728;73.43951416015625;14.989378;-15.024832
729;74.06314849853516;15.575378;-15.619054
730;73.35380554199219;15.114206;-15.111696
731;73.54243469238281;14.930683;-14.943658
732;73.43846893310547;14.61163;-14.620979
733;73.5516357421875;15.563131;-15.536951
734;73.51256561279297;15.245707;-15.248601
735;73.52806091308594;15.216966;-15.2642975
736;73.47303771972656;14.262882;-14.293729
737;73.62895965576172;15.064216;-15.062175
738;73.9267578125;14.144138;-14.154161
739;73.45709228515625;15.069171;-15.0601635
740;73.31476593017578;15.22125;-15.195243
741;73.34230041503906;15.393254;-15.372898
742;73.3924560546875;14.331917;-14.369526
743;73.25040435791016;15.569059;-15.567431
744;73.44943237304688;15.315773;-15.326619
745;73.38885498046875;15.121149;-15.122973
746;73.46412658691406;14.628239;-14.6359
747;73.40606689453125;14.649417;-14.663883
748;73.40523529052734;15.159195;-15.17188
749;73.45977783203125;14.582672;-14.582589
750;75.0949478149414;15.12987;-15.140416
751;74.796142578125;10.273663;-10.242897
752;73.99298095703125;12.569832;-12.574532
753;74.16586303710938;13.96552;-13.980017
754;73.51505279541016;14.483953;-14.5014305
755;73.74617767333984;11.768394;-11.776955
756;73.55368041992188;14.423702;-14.443875
757;73.68682098388672;14.641693;-14.656644
758;73.71398162841797;14.373118;-14.384833
759;73.5538558959961;15.208209;-15.233178
760;75.70832061767578;14.579051;-14.60176
761;76.29155731201172;6.848309;-6.8483906
762;75.43206787109375;9.249522;-9.241414
763;75.11869812011719;10.172931;-10.17629
764;75.0418930053711;9.021181;-9.013758
765;74.74999237060547;14.218735;-14.222911
766;74.39332580566406;14.753991;-14.755415
767;74.5430908203125;8.917692;-8.904655
768;74.16210174560547;11.822435;-11.816734
769;74.02766418457031;13.461064;-13.457063
770;73.62789154052734;14.182304;-14.182962
771;73.9378662109375;10.759016;-10.746387
772;73.8963394165039;8.705525;-8.690812
773;73.66110229492188;12.423008;-12.406724
774;73.6691665649414;15.720791;-15.744248
775;75.03697967529297;15.321212;-15.344081
776;73.79133605957031;15.969843;-15.993814
777;73.6642074584961;14.75033;-14.761333
778;73.66100311279297;14.655778;-14.654199
779;73.70525360107422;14.438735;-14.468497
780;73.58006286621094;15.266864;-15.297586
781;73.46735382080078;15.393598;-15.430044
782;74.6579818725586;15.761804;-15.783558
783;74.3353042602539;13.861337;-13.916363
784;73.87499237060547;13.737754;-13.755212
785;73.94488525390625;10.372122;-10.384185
786;73.89971160888672;17.282349;-17.321968
787;74.32269287109375;13.980596;-13.963284
788;77.17051696777344;15.122976;-15.113766
789;74.74417877197266;7.429529;-7.4341717
790;73.9373550415039;14.67323;-14.661718
791;73.72960662841797;15.726835;-15.725877
792;74.08960723876953;16.037174;-16.04943
793;73.62311553955078;15.237215;-15.265801
794;73.64063262939453;15.283106;-15.291037
795;73.71317291259766;14.869446;-14.879627
796;73.72901153564453;14.851689;-14.855929
797;73.91658782958984;15.770534;-15.786317
798;73.66373443603516;15.07702;-15.0847025
799;73.65984344482422;15.079281;-15.079351
800;73.70099639892578;15.342928;-15.345685
801;73.40238189697266;16.07731;-16.089394
802;73.65623474121094;14.971646;-14.962957
803;73.50548553466797;15.425289;-15.418376
804;77.11431121826172;4.91033;-4.8864594
805;73.6150894165039;15.670587;-15.6858225
806;73.5255355834961;15.64341;-15.662367
807;73.45194244384766;14.96367;-14.960167
808;73.5882568359375;15.833607;-15.843838
809;73.79825592041016;15.777398;-15.804018
810;73.70063781738281;12.632454;-12.5903635
811;73.5133285522461;15.499339;-15.492109
812;73.73993682861328;14.767139;-14.744645
813;73.43401336669922;14.933151;-14.949564
814;73.41251373291016;15.63901;-15.656455
815;73.65629577636719;15.593504;-15.615697
816;73.6881332397461;15.114408;-15.121189
817;73.50005340576172;14.724978;-14.743278
818;73.53353881835938;15.248187;-15.261295
819;73.41624450683594;15.08657;-15.0963545
820;73.40658569335938;14.64475;-14.664016
821;73.6119384765625;13.721129;-13.728907
822;74.12590026855469;14.167346;-14.174966
823;73.98373413085938;16.572536;-16.565933
824;73.57618713378906;12.301376;-12.303341
825;73.49728393554688;14.772501;-14.801439
826;74.31550598144531;16.599197;-16.629496
827;73.70075225830078;16.203695;-16.206581
828;73.70259857177734;15.823774;-15.822636
829;73.58136749267578;16.299253;-16.307539
830;73.49246215820312;16.340868;-16.347048
831;73.44284057617188;15.035953;-15.039014
832;73.23607635498047;15.044893;-15.0353155
833;73.13121795654297;16.160711;-16.1625
834;74.64066314697266;15.302566;-15.30037
835;73.74714660644531;7.9438233;-7.9239116
836;73.4375;15.540546;-15.557285
837;74.17699432373047;14.42692;-14.42508
838;73.39103698730469;13.325024;-13.331331
839;73.44587707519531;8.681738;-8.665299
840;73.28412628173828;15.242028;-15.259789
841;73.58656311035156;15.393585;-15.412905
842;74.77428436279297;5.639604;-5.6258035
843;73.57374572753906;15.532324;-15.539137
844;73.5090560913086;14.125524;-14.122459
845;73.38062286376953;12.380602;-12.362227
846;75.08172607421875;5.6346807;-5.6219883
847;73.67001342773438;14.661991;-14.653243
848;73.5199966430664;13.66032;-13.629801
849;73.5220718383789;15.623505;-15.607513
850;73.47898864746094;11.333481;-11.2894335
851;73.44947814941406;15.616875;-15.6091175
852;73.47634887695312;16.729805;-16.731007
853;74.03787231445312;7.190573;-7.1733904
854;73.29935455322266;16.016579;-16.014675
855;73.29186248779297;15.060625;-15.0525255
856;73.1562728881836;16.008509;-16.008083
857;73.5757064819336;13.980326;-13.968579
858;73.34463500976562;14.456217;-14.442
859;73.28239440917969;16.158634;-16.164398
860;73.59854125976562;10.690177;-10.692317
861;74.04391479492188;7.2763634;-7.266453
862;74.58454132080078;14.312409;-14.308464
863;73.47384643554688;15.908737;-15.899716
864;74.4537353515625;8.914544;-8.902622
865;73.17121887207031;15.003397;-15.000534
866;73.55371856689453;14.677208;-14.678367
867;73.5044937133789;12.945511;-12.922021
868;72.80931091308594;15.345497;-15.329208
869;74.36031341552734;7.0697403;-7.053438
870;73.32490539550781;15.412392;-15.406183
871;73.17743682861328;12.374681;-12.369007
872;73.29730987548828;13.508023;-13.479194
873;73.33969116210938;15.420392;-15.399799
874;73.70628356933594;12.088352;-12.046105
875;73.17292022705078;15.273352;-15.256326
876;73.13107299804688;15.217865;-15.171082
877;73.08726501464844;15.145994;-15.094486
878;73.23286437988281;15.787779;-15.760532
879;73.20578002929688;13.016302;-12.965655
880;73.1524658203125;15.56215;-15.559785
881;73.13911437988281;15.254254;-15.252485
882;73.22863006591797;14.822085;-14.770585
883;73.19567108154297;15.087114;-15.064266
884;73.13970184326172;14.9210415;-14.937714
885;73.05338287353516;14.78863;-14.813147
886;73.04945373535156;15.023275;-15.047763
887;73.07720184326172;14.777116;-14.802722
888;73.02688598632812;15.014302;-15.012299
889;73.20148468017578;15.065118;-15.090911
890;73.91275024414062;15.297862;-15.310796
891;73.14795684814453;11.32028;-11.371502
892;73.109619140625;14.214353;-14.244719
893;73.12714385986328;14.621508;-14.666707
894;73.04534912109375;15.360617;-15.404518
895;73.02862548828125;15.197968;-15.224234
896;77.23926544189453;15.667988;-15.724416
897;73.22801971435547;14.71355;-14.716021
898;73.11174011230469;15.150941;-15.165723
899;73.1644058227539;15.023661;-15.021533
900;73.37882995605469;15.312538;-15.331106
901;73.50015258789062;14.895128;-14.90027
902;73.47352600097656;14.929464;-14.911971
903;73.11974334716797;15.443392;-15.423363
904;73.12515258789062;15.364804;-15.369072
905;73.27509307861328;14.605375;-14.610506
906;73.0574951171875;15.41275;-15.426094
907;73.12629699707031;14.748398;-14.724031
908;73.06114959716797;15.151224;-15.138737
909;73.01811981201172;16.062134;-16.060787
910;72.98912048339844;15.680574;-15.691064
911;73.09435272216797;14.788527;-14.757136
912;73.01040649414062;15.452196;-15.451777
913;74.76976776123047;13.807202;-13.768008
914;73.7826919555664;16.798433;-16.817995
915;73.49955749511719;14.448576;-14.448211
916;73.32819366455078;13.531334;-13.510659
917;73.30902099609375;15.694362;-15.695142
918;73.24468231201172;15.12896;-15.125223
919;73.3030776977539;12.42096;-12.423113
920;73.45657348632812;15.280626;-15.291925
921;72.89447784423828;15.130829;-15.143179
922;73.57107543945312;12.078419;-12.076873
923;75.3359603881836;15.602603;-15.60828
924;74.72480010986328;13.3134165;-13.339456
925;74.24324035644531;15.37135;-15.389002
926;74.30184936523438;14.967317;-14.987294
927;74.22920227050781;14.816227;-14.827977
928;74.5364990234375;15.928706;-15.933829
929;74.36026763916016;9.644875;-9.61474
930;73.76520538330078;15.55254;-15.570277
931;73.62283325195312;15.408963;-15.419672
932;74.04673767089844;15.627368;-15.63789
933;73.72588348388672;14.795883;-14.809191
934;73.53722381591797;15.051962;-15.064161
935;73.68090057373047;14.397535;-14.402256
936;73.59896850585938;15.223835;-15.230659
937;73.46453094482422;15.1185465;-15.12393
938;73.46863555908203;14.586488;-14.596834
939;73.56385040283203;15.183123;-15.183459
940;73.9761734008789;15.561849;-15.563668
941;73.47504425048828;13.775209;-13.746079
942;73.62848663330078;13.859789;-13.783021
943;73.22087097167969;14.539416;-14.530079
944;73.12751770019531;14.726463;-14.695459
945;73.08699798583984;15.371432;-15.372907
946;73.21759033203125;15.010281;-14.979254
947;73.03895568847656;15.041422;-15.024946
948;73.22221374511719;14.134108;-14.094268
949;73.426025390625;15.579964;-15.55947
950;74.12139892578125;15.689895;-15.665517
951;73.67293548583984;15.67111;-15.667037
952;82.1131362915039;14.805028;-14.791999
953;73.72370147705078;14.751132;-14.750366
954;73.59810638427734;15.079937;-15.086839
955;73.52613830566406;15.100327;-15.098408
956;73.84976196289062;14.17083;-14.151107
957;73.61172485351562;14.561159;-14.5564575
958;73.45597076416016;15.355515;-15.360636
959;73.7342529296875;14.6229105;-14.642996
960;73.70223999023438;13.941905;-13.950418
961;73.5768814086914;14.839436;-14.845627
962;73.40540313720703;14.788506;-14.79261
963;73.5048828125;15.085499;-15.098726
964;73.32173919677734;15.755554;-15.769533
965;73.30641174316406;14.619083;-14.622437
966;73.2626953125;13.396857;-13.387882
967;73.31002044677734;15.335638;-15.348494
968;73.30918884277344;16.346798;-16.356915
969;73.96220397949219;14.586461;-14.565894
970;74.25190734863281;16.012997;-16.036188
971;73.65692138671875;16.061916;-16.069086
972;73.64727783203125;14.834583;-14.841586
973;73.65961456298828;15.120891;-15.123829
974;73.40403747558594;15.00828;-14.990215
975;73.42463684082031;14.931166;-14.933554
976;73.35733795166016;14.652838;-14.661508
977;73.29230499267578;14.908418;-14.901184
978;73.77952575683594;15.456505;-15.444313
979;73.45349884033203;15.289489;-15.274776
980;73.55567169189453;15.321739;-15.308715
981;74.1944808959961;15.194818;-15.17942
982;73.462890625;15.214978;-15.201207
983;73.29163360595703;15.671919;-15.671136
984;73.57430267333984;15.150495;-15.141949
985;73.3144760131836;15.618543;-15.6131315
986;73.30902862548828;11.508394;-11.504644
987;85.34980773925781;14.400956;-14.396825
988;76.01628875732422;14.317616;-14.299481
989;74.41632843017578;13.847924;-13.830247
990;74.02588653564453;15.660335;-15.651341
991;74.07009887695312;16.05732;-16.063606
992;73.50243377685547;15.701193;-15.708825
993;75.03527069091797;7.080899;-7.0884404
994;73.34111785888672;14.354601;-14.344036
995;73.59671783447266;14.159398;-14.15091
996;73.35248565673828;14.801341;-14.794471
997;73.786865234375;12.752802;-12.716295
998;74.37635040283203;12.851574;-12.870441
999;77.73249053955078;14.899116;-14.868954
1000;76.6190185546875;7.331846;-7.336763
